timestamp_utc,exchange,symbol,symbol_n,funding_rate,next_funding_rate,next_funding_time,funding_time,raw_note
2025-11-16 11:07:15+0000,bitget,0GUSDT_UMCBL,0G/USDT,-0.000431,,,2025-11-16 12:00:00+0000,symbol_used=0GUSDT_UMCBL; next_settle_time=2025-11-16 12:00:00+0000
2025-11-16 11:07:15+0000,bitget,AAVEUSDT_UMCBL,AAVE/USDT,-5.2e-05,,,2025-11-16 16:00:00+0000,symbol_used=AAVEUSDT_UMCBL; next_settle_time=2025-11-16 16:00:00+0000
2025-11-16 11:07:15+0000,bitget,ADAUSDT_UMCBL,ADA/USDT,8.6e-05,,,2025-11-16 16:00:00+0000,symbol_used=ADAUSDT_UMCBL; next_settle_time=2025-11-16 16:00:00+0000
2025-11-16 11:07:15+0000,bitget,AIAUSDT_UMCBL,AIA/USDT,0.000108,,,2025-11-16 12:00:00+0000,symbol_used=AIAUSDT_UMCBL; next_settle_time=2025-11-16 12:00:00+0000
2025-11-16 11:07:15+0000,bitget,ALCHUSDT_UMCBL,ALCH/USDT,5e-05,,,2025-11-16 12:00:00+0000,symbol_used=ALCHUSDT_UMCBL; next_settle_time=2025-11-16 12:00:00+0000
2025-11-16 11:07:15+0000,bitget,APTUSDT_UMCBL,APT/USDT,-0.000393,,,2025-11-16 16:00:00+0000,symbol_used=APTUSDT_UMCBL; next_settle_time=2025-11-16 16:00:00+0000
2025-11-16 11:07:15+0000,bitget,ARBUSDT_UMCBL,ARB/USDT,0.0001,,,2025-11-16 16:00:00+0000,symbol_used=ARBUSDT_UMCBL; next_settle_time=2025-11-16 16:00:00+0000
2025-11-16 11:07:15+0000,bitget,ASTERUSDT_UMCBL,ASTER/USDT,2.5e-05,,,2025-11-16 12:00:00+0000,symbol_used=ASTERUSDT_UMCBL; next_settle_time=2025-11-16 12:00:00+0000
2025-11-16 11:07:15+0000,bitget,AVAXUSDT_UMCBL,AVAX/USDT,6.3e-05,,,2025-11-16 16:00:00+0000,symbol_used=AVAXUSDT_UMCBL; next_settle_time=2025-11-16 16:00:00+0000
2025-11-16 11:07:15+0000,bitget,BANKUSDT_UMCBL,BANK/USDT,5e-05,,,2025-11-16 12:00:00+0000,symbol_used=BANKUSDT_UMCBL; next_settle_time=2025-11-16 12:00:00+0000
2025-11-16 11:07:15+0000,bitget,BCHUSDT_UMCBL,BCH/USDT,4e-05,,,2025-11-16 16:00:00+0000,symbol_used=BCHUSDT_UMCBL; next_settle_time=2025-11-16 16:00:00+0000
2025-11-16 11:07:15+0000,bitget,BEATUSDT_UMCBL,BEAT/USDT,5e-05,,,2025-11-16 12:00:00+0000,symbol_used=BEATUSDT_UMCBL; next_settle_time=2025-11-16 12:00:00+0000
2025-11-16 11:07:15+0000,bitget,BNBUSDT_UMCBL,BNB/USDT,0.0001,,,2025-11-16 16:00:00+0000,symbol_used=BNBUSDT_UMCBL; next_settle_time=2025-11-16 16:00:00+0000
2025-11-16 11:07:15+0000,bitget,BTCUSDT_UMCBL,BTC/USDT,0.0001,,,2025-11-16 16:00:00+0000,symbol_used=BTCUSDT_UMCBL; next_settle_time=2025-11-16 16:00:00+0000
2025-11-16 11:07:15+0000,bitget,BTCUSD_DMCBL,BTC/USD,5.3e-05,,,2025-11-16 16:00:00+0000,symbol_used=BTCUSD_DMCBL; next_settle_time=2025-11-16 16:00:00+0000
2025-11-16 11:07:15+0000,bitget,COAIUSDT_UMCBL,COAI/USDT,-2e-05,,,2025-11-16 12:00:00+0000,symbol_used=COAIUSDT_UMCBL; next_settle_time=2025-11-16 12:00:00+0000
2025-11-16 11:07:15+0000,bitget,CROSSUSDT_UMCBL,CROSS/USDT,5e-05,,,2025-11-16 12:00:00+0000,symbol_used=CROSSUSDT_UMCBL; next_settle_time=2025-11-16 12:00:00+0000
2025-11-16 11:07:15+0000,bitget,CRVUSDT_UMCBL,CRV/USDT,-5.3e-05,,,2025-11-16 16:00:00+0000,symbol_used=CRVUSDT_UMCBL; next_settle_time=2025-11-16 16:00:00+0000
2025-11-16 11:07:15+0000,bitget,DASHUSDT_UMCBL,DASH/USDT,-0.016494,,,2025-11-16 16:00:00+0000,symbol_used=DASHUSDT_UMCBL; next_settle_time=2025-11-16 16:00:00+0000
2025-11-16 11:07:15+0000,bitget,DOGEUSDT_UMCBL,DOGE/USDT,0.0001,,,2025-11-16 16:00:00+0000,symbol_used=DOGEUSDT_UMCBL; next_settle_time=2025-11-16 16:00:00+0000
2025-11-16 11:07:15+0000,bitget,DOTUSDT_UMCBL,DOT/USDT,-3.7e-05,,,2025-11-16 16:00:00+0000,symbol_used=DOTUSDT_UMCBL; next_settle_time=2025-11-16 16:00:00+0000
2025-11-16 11:07:15+0000,bitget,ENAUSDT_UMCBL,ENA/USDT,5e-05,,,2025-11-16 12:00:00+0000,symbol_used=ENAUSDT_UMCBL; next_settle_time=2025-11-16 12:00:00+0000
2025-11-16 11:07:15+0000,bitget,ESPORTSUSDT_UMCBL,ESPORTS/USDT,5e-05,,,2025-11-16 12:00:00+0000,symbol_used=ESPORTSUSDT_UMCBL; next_settle_time=2025-11-16 12:00:00+0000
2025-11-16 11:07:15+0000,bitget,ETHUSDT_UMCBL,ETH/USDT,0.0001,,,2025-11-16 16:00:00+0000,symbol_used=ETHUSDT_UMCBL; next_settle_time=2025-11-16 16:00:00+0000
2025-11-16 11:07:15+0000,bitget,ETHUSD_DMCBL,ETH/USD,0.0001,,,2025-11-16 16:00:00+0000,symbol_used=ETHUSD_DMCBL; next_settle_time=2025-11-16 16:00:00+0000
2025-11-16 11:07:15+0000,bitget,EVAAUSDT_UMCBL,EVAA/USDT,0.000585,,,2025-11-16 12:00:00+0000,symbol_used=EVAAUSDT_UMCBL; next_settle_time=2025-11-16 12:00:00+0000
2025-11-16 11:07:15+0000,bitget,FARTCOINUSDT_UMCBL,FARTCOIN/USDT,5e-05,,,2025-11-16 12:00:00+0000,symbol_used=FARTCOINUSDT_UMCBL; next_settle_time=2025-11-16 12:00:00+0000
2025-11-16 11:07:15+0000,bitget,FILUSDT_UMCBL,FIL/USDT,0.0001,,,2025-11-16 16:00:00+0000,symbol_used=FILUSDT_UMCBL; next_settle_time=2025-11-16 16:00:00+0000
2025-11-16 11:07:15+0000,bitget,HBARUSDT_UMCBL,HBAR/USDT,1e-05,,,2025-11-16 16:00:00+0000,symbol_used=HBARUSDT_UMCBL; next_settle_time=2025-11-16 16:00:00+0000
2025-11-16 11:07:15+0000,bitget,HYPEUSDT_UMCBL,HYPE/USDT,5e-05,,,2025-11-16 12:00:00+0000,symbol_used=HYPEUSDT_UMCBL; next_settle_time=2025-11-16 12:00:00+0000
2025-11-16 11:07:15+0000,bitget,ICPUSDT_UMCBL,ICP/USDT,0.0001,,,2025-11-16 16:00:00+0000,symbol_used=ICPUSDT_UMCBL; next_settle_time=2025-11-16 16:00:00+0000
2025-11-16 11:07:15+0000,bitget,INJUSDT_UMCBL,INJ/USDT,0.0001,,,2025-11-16 16:00:00+0000,symbol_used=INJUSDT_UMCBL; next_settle_time=2025-11-16 16:00:00+0000
2025-11-16 11:07:15+0000,bitget,LAUSDT_UMCBL,LA/USDT,-0.000604,,,2025-11-16 12:00:00+0000,symbol_used=LAUSDT_UMCBL; next_settle_time=2025-11-16 12:00:00+0000
2025-11-16 11:07:15+0000,bitget,LINKUSDT_UMCBL,LINK/USDT,-9.8e-05,,,2025-11-16 16:00:00+0000,symbol_used=LINKUSDT_UMCBL; next_settle_time=2025-11-16 16:00:00+0000
2025-11-16 11:07:15+0000,bitget,LSKUSDT_UMCBL,LSK/USDT,-0.000349,,,2025-11-16 12:00:00+0000,symbol_used=LSKUSDT_UMCBL; next_settle_time=2025-11-16 12:00:00+0000
2025-11-16 11:07:15+0000,bitget,LTCUSDT_UMCBL,LTC/USDT,0.0001,,,2025-11-16 16:00:00+0000,symbol_used=LTCUSDT_UMCBL; next_settle_time=2025-11-16 16:00:00+0000
2025-11-16 11:07:15+0000,bitget,MUBARAKUSDT_UMCBL,MUBARAK/USDT,5e-05,,,2025-11-16 12:00:00+0000,symbol_used=MUBARAKUSDT_UMCBL; next_settle_time=2025-11-16 12:00:00+0000
2025-11-16 11:07:15+0000,bitget,NEARUSDT_UMCBL,NEAR/USDT,-0.000135,,,2025-11-16 16:00:00+0000,symbol_used=NEARUSDT_UMCBL; next_settle_time=2025-11-16 16:00:00+0000
2025-11-16 11:07:15+0000,bitget,ONDOUSDT_UMCBL,ONDO/USDT,1.1e-05,,,2025-11-16 12:00:00+0000,symbol_used=ONDOUSDT_UMCBL; next_settle_time=2025-11-16 12:00:00+0000
2025-11-16 11:07:15+0000,bitget,OPUSDT_UMCBL,OP/USDT,3.2e-05,,,2025-11-16 16:00:00+0000,symbol_used=OPUSDT_UMCBL; next_settle_time=2025-11-16 16:00:00+0000
2025-11-16 11:07:15+0000,bitget,PENGUUSDT_UMCBL,PENGU/USDT,5e-05,,,2025-11-16 12:00:00+0000,symbol_used=PENGUUSDT_UMCBL; next_settle_time=2025-11-16 12:00:00+0000
2025-11-16 11:07:15+0000,bitget,PEPEUSDT_UMCBL,PEPE/USDT,0.0001,,,2025-11-16 16:00:00+0000,symbol_used=PEPEUSDT_UMCBL; next_settle_time=2025-11-16 16:00:00+0000
2025-11-16 11:07:15+0000,bitget,PUMPFUNUSDT_UMCBL,PUMPFUN/USDT,5e-05,,,2025-11-16 12:00:00+0000,symbol_used=PUMPFUNUSDT_UMCBL; next_settle_time=2025-11-16 12:00:00+0000
2025-11-16 11:07:15+0000,bitget,RESOLVUSDT_UMCBL,RESOLV/USDT,-0.007958,,,2025-11-16 12:00:00+0000,symbol_used=RESOLVUSDT_UMCBL; next_settle_time=2025-11-16 12:00:00+0000
2025-11-16 11:07:15+0000,bitget,RIVERUSDT_UMCBL,RIVER/USDT,5e-05,,,2025-11-16 12:00:00+0000,symbol_used=RIVERUSDT_UMCBL; next_settle_time=2025-11-16 12:00:00+0000
2025-11-16 11:07:15+0000,bitget,SAPIENUSDT_UMCBL,SAPIEN/USDT,5e-05,,,2025-11-16 12:00:00+0000,symbol_used=SAPIENUSDT_UMCBL; next_settle_time=2025-11-16 12:00:00+0000
2025-11-16 11:07:15+0000,bitget,SEIUSDT_UMCBL,SEI/USDT,0.0001,,,2025-11-16 16:00:00+0000,symbol_used=SEIUSDT_UMCBL; next_settle_time=2025-11-16 16:00:00+0000
2025-11-16 11:07:15+0000,bitget,SHIBUSDT_UMCBL,SHIB/USDT,-4.3e-05,,,2025-11-16 16:00:00+0000,symbol_used=SHIBUSDT_UMCBL; next_settle_time=2025-11-16 16:00:00+0000
2025-11-16 11:07:15+0000,bitget,SOLUSDT_UMCBL,SOL/USDT,0.0001,,,2025-11-16 16:00:00+0000,symbol_used=SOLUSDT_UMCBL; next_settle_time=2025-11-16 16:00:00+0000
2025-11-16 11:07:15+0000,bitget,SQDUSDT_UMCBL,SQD/USDT,5e-05,,,2025-11-16 12:00:00+0000,symbol_used=SQDUSDT_UMCBL; next_settle_time=2025-11-16 12:00:00+0000
2025-11-16 11:07:15+0000,bitget,STRKUSDT_UMCBL,STRK/USDT,-0.000217,,,2025-11-16 12:00:00+0000,symbol_used=STRKUSDT_UMCBL; next_settle_time=2025-11-16 12:00:00+0000
2025-11-16 11:07:15+0000,bitget,SUIUSDT_UMCBL,SUI/USDT,4.5e-05,,,2025-11-16 16:00:00+0000,symbol_used=SUIUSDT_UMCBL; next_settle_time=2025-11-16 16:00:00+0000
2025-11-16 11:07:15+0000,bitget,TAOUSDT_UMCBL,TAO/USDT,-3.4e-05,,,2025-11-16 12:00:00+0000,symbol_used=TAOUSDT_UMCBL; next_settle_time=2025-11-16 12:00:00+0000
2025-11-16 11:07:15+0000,bitget,TRUMPUSDT_UMCBL,TRUMP/USDT,5e-05,,,2025-11-16 12:00:00+0000,symbol_used=TRUMPUSDT_UMCBL; next_settle_time=2025-11-16 12:00:00+0000
2025-11-16 11:07:15+0000,bitget,UNIUSDT_UMCBL,UNI/USDT,0.0001,,,2025-11-16 16:00:00+0000,symbol_used=UNIUSDT_UMCBL; next_settle_time=2025-11-16 16:00:00+0000
2025-11-16 11:07:15+0000,bitget,VIRTUALUSDT_UMCBL,VIRTUAL/USDT,5e-05,,,2025-11-16 12:00:00+0000,symbol_used=VIRTUALUSDT_UMCBL; next_settle_time=2025-11-16 12:00:00+0000
2025-11-16 11:07:15+0000,bitget,WCTUSDT_UMCBL,WCT/USDT,-0.011837,,,2025-11-16 12:00:00+0000,symbol_used=WCTUSDT_UMCBL; next_settle_time=2025-11-16 12:00:00+0000
2025-11-16 11:07:15+0000,bitget,WIFUSDT_UMCBL,WIF/USDT,5e-05,,,2025-11-16 12:00:00+0000,symbol_used=WIFUSDT_UMCBL; next_settle_time=2025-11-16 12:00:00+0000
2025-11-16 11:07:15+0000,bitget,WLDUSDT_UMCBL,WLD/USDT,1.1e-05,,,2025-11-16 16:00:00+0000,symbol_used=WLDUSDT_UMCBL; next_settle_time=2025-11-16 16:00:00+0000
2025-11-16 11:07:15+0000,bitget,WLFIUSDT_UMCBL,WLFI/USDT,-5.8e-05,,,2025-11-16 12:00:00+0000,symbol_used=WLFIUSDT_UMCBL; next_settle_time=2025-11-16 12:00:00+0000
2025-11-16 11:07:16+0000,bitget,XAUTUSDT_UMCBL,XAUT/USDT,5e-05,,,2025-11-16 12:00:00+0000,symbol_used=XAUTUSDT_UMCBL; next_settle_time=2025-11-16 12:00:00+0000
2025-11-16 11:07:16+0000,bitget,XLMUSDT_UMCBL,XLM/USDT,1e-05,,,2025-11-16 16:00:00+0000,symbol_used=XLMUSDT_UMCBL; next_settle_time=2025-11-16 16:00:00+0000
2025-11-16 11:07:16+0000,bitget,XPLUSDT_UMCBL,XPL/USDT,-6.9e-05,,,2025-11-16 12:00:00+0000,symbol_used=XPLUSDT_UMCBL; next_settle_time=2025-11-16 12:00:00+0000
2025-11-16 11:07:16+0000,bitget,XRPUSDT_UMCBL,XRP/USDT,-9.8e-05,,,2025-11-16 16:00:00+0000,symbol_used=XRPUSDT_UMCBL; next_settle_time=2025-11-16 16:00:00+0000
2025-11-16 11:07:16+0000,bitget,XVGUSDT_UMCBL,XVG/USDT,0.0001,,,2025-11-16 16:00:00+0000,symbol_used=XVGUSDT_UMCBL; next_settle_time=2025-11-16 16:00:00+0000
2025-11-16 11:07:16+0000,bitget,ZECUSDT_UMCBL,ZEC/USDT,-0.000272,,,2025-11-16 12:00:00+0000,symbol_used=ZECUSDT_UMCBL; next_settle_time=2025-11-16 12:00:00+0000
2025-11-16 11:07:16+0000,bitget,ZENUSDT_UMCBL,ZEN/USDT,0.0001,,,2025-11-16 16:00:00+0000,symbol_used=ZENUSDT_UMCBL; next_settle_time=2025-11-16 16:00:00+0000
2025-11-16 11:07:16+0000,bitget,ZEREBROUSDT_UMCBL,ZEREBRO/USDT,0.000465,,,2025-11-16 12:00:00+0000,symbol_used=ZEREBROUSDT_UMCBL; next_settle_time=2025-11-16 12:00:00+0000
2025-11-16 11:07:16+0000,bitget,ZORAUSDT_UMCBL,ZORA/USDT,-0.001739,,,2025-11-16 12:00:00+0000,symbol_used=ZORAUSDT_UMCBL; next_settle_time=2025-11-16 12:00:00+0000
2025-11-16 11:07:16+0000,bybit,0GUSDT,0G/USDT,-0.00065597,,,2025-11-16 12:00:00+0000,
2025-11-16 11:07:16+0000,bybit,AAVEUSDT,AAVE/USDT,-2.394e-05,,,2025-11-16 16:00:00+0000,
2025-11-16 11:07:16+0000,bybit,ADAUSDT,ADA/USDT,4.764e-05,,,2025-11-16 16:00:00+0000,
2025-11-16 11:07:16+0000,bybit,AEROUSDT,AERO/USDT,4.724e-05,,,2025-11-16 12:00:00+0000,
2025-11-16 11:07:16+0000,bybit,AIAUSDT,AIA/USDT,0.00049391,,,2025-11-16 12:00:00+0000,
2025-11-16 11:07:16+0000,bybit,ALCHUSDT,ALCH/USDT,5e-05,,,2025-11-16 12:00:00+0000,
2025-11-16 11:07:16+0000,bybit,ALLOUSDT,ALLO/USDT,5e-05,,,2025-11-16 12:00:00+0000,
2025-11-16 11:07:16+0000,bybit,API3USDT,API3/USDT,1.25e-05,,,2025-11-16 12:00:00+0000,
2025-11-16 11:07:16+0000,bybit,APTUSDT,APT/USDT,4.301e-05,,,2025-11-16 16:00:00+0000,
2025-11-16 11:07:16+0000,bybit,ARBUSDT,ARB/USDT,0.0001,,,2025-11-16 16:00:00+0000,
2025-11-16 11:07:16+0000,bybit,ASTERUSDT,ASTER/USDT,5e-05,,,2025-11-16 12:00:00+0000,
2025-11-16 11:07:16+0000,bybit,ATOMUSDT,ATOM/USDT,-3.591e-05,,,2025-11-16 16:00:00+0000,
2025-11-16 11:07:16+0000,bybit,AVAXUSDT,AVAX/USDT,2.549e-05,,,2025-11-16 16:00:00+0000,
2025-11-16 11:07:16+0000,bybit,AVNTUSDT,AVNT/USDT,-0.00231938,,,2025-11-16 12:00:00+0000,
2025-11-16 11:07:16+0000,bybit,BANKUSDT,BANK/USDT,5e-05,,,2025-11-16 12:00:00+0000,
2025-11-16 11:07:16+0000,bybit,BATUSDT,BAT/USDT,-3.175e-05,,,2025-11-16 16:00:00+0000,
2025-11-16 11:07:16+0000,bybit,BCHUSDT,BCH/USDT,-0.00013568,,,2025-11-16 16:00:00+0000,
2025-11-16 11:07:16+0000,bybit,BNBUSDT,BNB/USDT,-5.409e-05,,,2025-11-16 16:00:00+0000,
2025-11-16 11:07:16+0000,bybit,BTCUSDT,BTC/USDT,3.596e-05,,,2025-11-16 16:00:00+0000,
2025-11-16 11:07:16+0000,bybit,COAIUSDT,COAI/USDT,0.00024831,,,2025-11-16 12:00:00+0000,
2025-11-16 11:07:16+0000,bybit,CROSSUSDT,CROSS/USDT,5e-05,,,2025-11-16 12:00:00+0000,
2025-11-16 11:07:16+0000,bybit,CRVUSDT,CRV/USDT,0.0001,,,2025-11-16 16:00:00+0000,
2025-11-16 11:07:16+0000,bybit,DASHUSDT,DASH/USDT,-0.01221223,,,2025-11-16 16:00:00+0000,
2025-11-16 11:07:16+0000,bybit,DOGEUSD,DOGE/USD,0.0001,,,2025-11-16 16:00:00+0000,
2025-11-16 11:07:16+0000,bybit,DOGEUSDT,DOGE/USDT,0.0001,,,2025-11-16 16:00:00+0000,
2025-11-16 11:07:16+0000,bybit,DOTUSDT,DOT/USDT,3.267e-05,,,2025-11-16 16:00:00+0000,
2025-11-16 11:07:16+0000,bybit,DYDXUSDT,DYDX/USDT,0.0001,,,2025-11-16 16:00:00+0000,
2025-11-16 11:07:16+0000,bybit,EIGENUSDT,EIGEN/USDT,3.806e-05,,,2025-11-16 12:00:00+0000,
2025-11-16 11:07:16+0000,bybit,ENAUSDT,ENA/USDT,-0.00010712,,,2025-11-16 12:00:00+0000,
2025-11-16 11:07:16+0000,bybit,ESPORTSUSDT,ESPORTS/USDT,-9.816e-05,,,2025-11-16 12:00:00+0000,
2025-11-16 11:07:16+0000,bybit,ETCUSDT,ETC/USDT,-0.00012169,,,2025-11-16 16:00:00+0000,
2025-11-16 11:07:16+0000,bybit,ETHFIUSDT,ETHFI/USDT,5e-05,,,2025-11-16 12:00:00+0000,
2025-11-16 11:07:16+0000,bybit,ETHUSDT,ETH/USDT,0.0001,,,2025-11-16 16:00:00+0000,
2025-11-16 11:07:16+0000,bybit,EVAAUSDT,EVAA/USDT,0.00063401,,,2025-11-16 12:00:00+0000,
2025-11-16 11:07:16+0000,bybit,FARTCOINUSDT,FARTCOIN/USDT,5e-05,,,2025-11-16 12:00:00+0000,
2025-11-16 11:07:16+0000,bybit,FILUSDT,FIL/USDT,-0.00022834,,,2025-11-16 16:00:00+0000,
2025-11-16 11:07:16+0000,bybit,GIGGLEUSDT,GIGGLE/USDT,-2.109e-05,,,2025-11-16 12:00:00+0000,
2025-11-16 11:07:16+0000,bybit,HBARUSDT,HBAR/USDT,-9.896e-05,,,2025-11-16 16:00:00+0000,
2025-11-16 11:07:16+0000,bybit,HYPEUSDT,HYPE/USDT,-1.025e-05,,,2025-11-16 16:00:00+0000,
2025-11-16 11:07:16+0000,bybit,ICPUSDT,ICP/USDT,-0.00016284,,,2025-11-16 16:00:00+0000,
2025-11-16 11:07:16+0000,bybit,INJUSDT,INJ/USDT,0.0001,,,2025-11-16 16:00:00+0000,
2025-11-16 11:07:16+0000,bybit,IPUSDT,IP/USDT,1.25e-05,,,2025-11-16 12:00:00+0000,
2025-11-16 11:07:16+0000,bybit,JELLYJELLYUSDT,JELLYJELLY/USDT,5e-05,,,2025-11-16 12:00:00+0000,
2025-11-16 11:07:16+0000,bybit,JTOUSDT,JTO/USDT,5e-05,,,2025-11-16 12:00:00+0000,
2025-11-16 11:07:16+0000,bybit,KITEUSDT,KITE/USDT,-9.33e-05,,,2025-11-16 12:00:00+0000,
2025-11-16 11:07:16+0000,bybit,LAUSDT,LA/USDT,1.25e-05,,,2025-11-16 12:00:00+0000,
2025-11-16 11:07:16+0000,bybit,LDOUSDT,LDO/USDT,3.961e-05,,,2025-11-16 16:00:00+0000,
2025-11-16 11:07:16+0000,bybit,LINKUSDT,LINK/USDT,2.121e-05,,,2025-11-16 16:00:00+0000,
2025-11-16 11:07:16+0000,bybit,LSKUSDT,LSK/USDT,-0.00012758,,,2025-11-16 12:00:00+0000,
2025-11-16 11:07:16+0000,bybit,LTCUSDT,LTC/USDT,7.404e-05,,,2025-11-16 16:00:00+0000,
2025-11-16 11:07:16+0000,bybit,METUSDT,MET/USDT,5e-05,,,2025-11-16 12:00:00+0000,
2025-11-16 11:07:16+0000,bybit,MINAUSDT,MINA/USDT,5e-05,,,2025-11-16 12:00:00+0000,
2025-11-16 11:07:16+0000,bybit,MMTUSDT,MMT/USDT,-0.00043724,,,2025-11-16 12:00:00+0000,
2025-11-16 11:07:16+0000,bybit,MUBARAKUSDT,MUBARAK/USDT,5.643e-05,,,2025-11-16 12:00:00+0000,
2025-11-16 11:07:16+0000,bybit,NEARUSDT,NEAR/USDT,0.0001,,,2025-11-16 16:00:00+0000,
2025-11-16 11:07:16+0000,bybit,ONDOUSDT,ONDO/USDT,9.39e-06,,,2025-11-16 12:00:00+0000,
2025-11-16 11:07:16+0000,bybit,OPUSDT,OP/USDT,6.13e-05,,,2025-11-16 16:00:00+0000,
2025-11-16 11:07:16+0000,bybit,PENGUUSDT,PENGU/USDT,5e-05,,,2025-11-16 12:00:00+0000,
2025-11-16 11:07:16+0000,bybit,PIEVERSEUSDT,PIEVERSE/USDT,5e-05,,,2025-11-16 12:00:00+0000,
2025-11-16 11:07:16+0000,bybit,PIGGYUSDT,PIGGY/USDT,0.00087979,,,2025-11-16 12:00:00+0000,
2025-11-16 11:07:16+0000,bybit,PLUMEUSDT,PLUME/USDT,3.841e-05,,,2025-11-16 12:00:00+0000,
2025-11-16 11:07:16+0000,bybit,PUMPFUNUSDT,PUMPFUN/USDT,5e-05,,,2025-11-16 12:00:00+0000,
2025-11-16 11:07:16+0000,bybit,RESOLVUSDT,RESOLV/USDT,-0.001924,,,2025-11-16 12:00:00+0000,
2025-11-16 11:07:16+0000,bybit,RIVERUSDT,RIVER/USDT,1.25e-05,,,2025-11-16 12:00:00+0000,
2025-11-16 11:07:16+0000,bybit,SAPIENUSDT,SAPIEN/USDT,5e-05,,,2025-11-16 12:00:00+0000,
2025-11-16 11:07:16+0000,bybit,SEIUSDT,SEI/USDT,0.0001,,,2025-11-16 16:00:00+0000,
2025-11-16 11:07:16+0000,bybit,SNXUSDT,SNX/USDT,0.0001,,,2025-11-16 16:00:00+0000,
2025-11-16 11:07:16+0000,bybit,SOLUSDT,SOL/USDT,0.0001,,,2025-11-16 16:00:00+0000,
2025-11-16 11:07:16+0000,bybit,SOONUSDT,SOON/USDT,-0.015,,,2025-11-16 12:00:00+0000,
2025-11-16 11:07:16+0000,bybit,SQDUSDT,SQD/USDT,5e-05,,,2025-11-16 12:00:00+0000,
2025-11-16 11:07:17+0000,bybit,STRKUSDT,STRK/USDT,-0.00071593,,,2025-11-16 12:00:00+0000,
2025-11-16 11:07:17+0000,bybit,SUIUSDT,SUI/USDT,-1.21e-06,,,2025-11-16 16:00:00+0000,
2025-11-16 11:07:17+0000,bybit,TAOUSDT,TAO/USDT,5e-05,,,2025-11-16 12:00:00+0000,
2025-11-16 11:07:17+0000,bybit,TIAUSDT,TIA/USDT,5e-05,,,2025-11-16 12:00:00+0000,
2025-11-16 11:07:17+0000,bybit,TONUSDT,TON/USDT,-0.00013342,,,2025-11-16 12:00:00+0000,
2025-11-16 11:07:17+0000,bybit,TRBUSDT,TRB/USDT,5e-05,,,2025-11-16 12:00:00+0000,
2025-11-16 11:07:17+0000,bybit,TRUMPUSDT,TRUMP/USDT,5e-05,,,2025-11-16 12:00:00+0000,
2025-11-16 11:07:17+0000,bybit,TRXUSDT,TRX/USDT,0.0001,,,2025-11-16 16:00:00+0000,
2025-11-16 11:07:17+0000,bybit,UNIUSDT,UNI/USDT,-8.391e-05,,,2025-11-16 16:00:00+0000,
2025-11-16 11:07:17+0000,bybit,USELESSUSDT,USELESS/USDT,0.0003196,,,2025-11-16 12:00:00+0000,
2025-11-16 11:07:17+0000,bybit,VIRTUALUSDT,VIRTUAL/USDT,-3.272e-05,,,2025-11-16 12:00:00+0000,
2025-11-16 11:07:17+0000,bybit,WCTUSDT,WCT/USDT,-0.00588698,,,2025-11-16 12:00:00+0000,
2025-11-16 11:07:17+0000,bybit,WIFUSDT,WIF/USDT,1.468e-05,,,2025-11-16 12:00:00+0000,
2025-11-16 11:07:17+0000,bybit,WLDUSDT,WLD/USDT,5.51e-06,,,2025-11-16 16:00:00+0000,
2025-11-16 11:07:17+0000,bybit,WLFIUSDT,WLFI/USDT,-5.198e-05,,,2025-11-16 12:00:00+0000,
2025-11-16 11:07:17+0000,bybit,XAUTUSDT,XAUT/USDT,-3.57e-06,,,2025-11-16 12:00:00+0000,
2025-11-16 11:07:17+0000,bybit,XLMUSDT,XLM/USDT,4.331e-05,,,2025-11-16 16:00:00+0000,
2025-11-16 11:07:17+0000,bybit,XPLUSDT,XPL/USDT,1.563e-05,,,2025-11-16 12:00:00+0000,
2025-11-16 11:07:17+0000,bybit,XRPUSD,XRP/USD,0.0001,,,2025-11-16 16:00:00+0000,
2025-11-16 11:07:17+0000,bybit,XRPUSDT,XRP/USDT,-1.561e-05,,,2025-11-16 16:00:00+0000,
2025-11-16 11:07:17+0000,bybit,XVGUSDT,XVG/USDT,0.0001,,,2025-11-16 16:00:00+0000,
2025-11-16 11:07:17+0000,bybit,ZECUSDT,ZEC/USDT,0.0001,,,2025-11-16 16:00:00+0000,
2025-11-16 11:07:17+0000,bybit,ZENUSDT,ZEN/USDT,-0.00069135,,,2025-11-16 16:00:00+0000,
2025-11-16 11:07:17+0000,bybit,ZEREBROUSDT,ZEREBRO/USDT,5e-05,,,2025-11-16 12:00:00+0000,
2025-11-16 11:07:17+0000,bybit,ZKUSDT,ZK/USDT,-9.066e-05,,,2025-11-16 12:00:00+0000,
2025-11-16 11:07:17+0000,bybit,ZORAUSDT,ZORA/USDT,-0.00136458,,,2025-11-16 12:00:00+0000,
2025-11-16 11:07:17+0000,htx,ADA-USDT,ADA/USDT,0.0001,,,2025-11-16 16:00:00+0000,"{'status': 'ok', 'data': {'estimated_rate': None, 'funding_rate': '0.000100000000000000', 'contract_code': 'ADA-USDT', 'symbol': 'ADA', 'fee_asset': 'USDT', 'funding_time': '1763308800000', 'next_funding_time': None, 'trade_partition': 'USDT'}, 'ts': 1763291237510}"
2025-11-16 11:07:17+0000,htx,BTC-USDT,BTC/USDT,0.0001,,,2025-11-16 16:00:00+0000,"{'status': 'ok', 'data': {'estimated_rate': None, 'funding_rate': '0.000100000000000000', 'contract_code': 'BTC-USDT', 'symbol': 'BTC', 'fee_asset': 'USDT', 'funding_time': '1763308800000', 'next_funding_time': None, 'trade_partition': 'USDT'}, 'ts': 1763291238083}"
2025-11-16 11:07:17+0000,htx,DASH-USDT,DASH/USDT,-0.01408880433405222,,,2025-11-16 16:00:00+0000,"{'status': 'ok', 'data': {'estimated_rate': None, 'funding_rate': '-0.014088804334052219', 'contract_code': 'DASH-USDT', 'symbol': 'DASH', 'fee_asset': 'USDT', 'funding_time': '1763308800000', 'next_funding_time': None, 'trade_partition': 'USDT'}, 'ts': 1763291238023}"
2025-11-16 11:07:17+0000,htx,DOGE-USDT,DOGE/USDT,0.0001,,,2025-11-16 16:00:00+0000,"{'status': 'ok', 'data': {'estimated_rate': None, 'funding_rate': '0.000100000000000000', 'contract_code': 'DOGE-USDT', 'symbol': 'DOGE', 'fee_asset': 'USDT', 'funding_time': '1763308800000', 'next_funding_time': None, 'trade_partition': 'USDT'}, 'ts': 1763291237490}"
2025-11-16 11:07:17+0000,htx,ETH-USDT,ETH/USDT,4.436441115773e-05,,,2025-11-16 16:00:00+0000,"{'status': 'ok', 'data': {'estimated_rate': None, 'funding_rate': '0.000044364411157730', 'contract_code': 'ETH-USDT', 'symbol': 'ETH', 'fee_asset': 'USDT', 'funding_time': '1763308800000', 'next_funding_time': None, 'trade_partition': 'USDT'}, 'ts': 1763291237503}"
2025-11-16 11:07:17+0000,htx,FIL-USDT,FIL/USDT,0.0001,,,2025-11-16 16:00:00+0000,"{'status': 'ok', 'data': {'estimated_rate': None, 'funding_rate': '0.000100000000000000', 'contract_code': 'FIL-USDT', 'symbol': 'FIL', 'fee_asset': 'USDT', 'funding_time': '1763308800000', 'next_funding_time': None, 'trade_partition': 'USDT'}, 'ts': 1763291237505}"
2025-11-16 11:07:17+0000,htx,LTC-USDT,LTC/USDT,0.0001,,,2025-11-16 16:00:00+0000,"{'status': 'ok', 'data': {'estimated_rate': None, 'funding_rate': '0.000100000000000000', 'contract_code': 'LTC-USDT', 'symbol': 'LTC', 'fee_asset': 'USDT', 'funding_time': '1763308800000', 'next_funding_time': None, 'trade_partition': 'USDT'}, 'ts': 1763291237535}"
2025-11-16 11:07:17+0000,htx,PEPE-USDT,PEPE/USDT,0.0001,,,2025-11-16 16:00:00+0000,"{'status': 'ok', 'data': {'estimated_rate': None, 'funding_rate': '0.000100000000000000', 'contract_code': 'PEPE-USDT', 'symbol': 'PEPE', 'fee_asset': 'USDT', 'funding_time': '1763308800000', 'next_funding_time': None, 'trade_partition': 'USDT'}, 'ts': 1763291237525}"
2025-11-16 11:07:17+0000,htx,SOL-USDT,SOL/USDT,0.0001,,,2025-11-16 16:00:00+0000,"{'status': 'ok', 'data': {'estimated_rate': None, 'funding_rate': '0.000100000000000000', 'contract_code': 'SOL-USDT', 'symbol': 'SOL', 'fee_asset': 'USDT', 'funding_time': '1763308800000', 'next_funding_time': None, 'trade_partition': 'USDT'}, 'ts': 1763291238089}"
2025-11-16 11:07:17+0000,htx,SUI-USDT,SUI/USDT,0.0001,,,2025-11-16 16:00:00+0000,"{'status': 'ok', 'data': {'estimated_rate': None, 'funding_rate': '0.000100000000000000', 'contract_code': 'SUI-USDT', 'symbol': 'SUI', 'fee_asset': 'USDT', 'funding_time': '1763308800000', 'next_funding_time': None, 'trade_partition': 'USDT'}, 'ts': 1763291237559}"
2025-11-16 11:07:17+0000,htx,XRP-USDT,XRP/USDT,0.0001,,,2025-11-16 16:00:00+0000,"{'status': 'ok', 'data': {'estimated_rate': None, 'funding_rate': '0.000100000000000000', 'contract_code': 'XRP-USDT', 'symbol': 'XRP', 'fee_asset': 'USDT', 'funding_time': '1763308800000', 'next_funding_time': None, 'trade_partition': 'USDT'}, 'ts': 1763291238096}"
2025-11-16 11:07:17+0000,htx,ZEC-USDT,ZEC/USDT,-0.000337138237805567,,,2025-11-16 16:00:00+0000,"{'status': 'ok', 'data': {'estimated_rate': None, 'funding_rate': '-0.000337138237805567', 'contract_code': 'ZEC-USDT', 'symbol': 'ZEC', 'fee_asset': 'USDT', 'funding_time': '1763308800000', 'next_funding_time': None, 'trade_partition': 'USDT'}, 'ts': 1763291237554}"
2025-11-16 11:07:17+0000,okx,0G-USDT-SWAP,0G/USDT,-0.0004843159326604,,2025-11-16 13:00:00+0000,2025-11-16 12:00:00+0000,instId=0G-USDT-SWAP
2025-11-16 11:07:17+0000,okx,AAVE-USDT-SWAP,AAVE/USDT,-2.725672255e-05,,2025-11-17 00:00:00+0000,2025-11-16 16:00:00+0000,instId=AAVE-USDT-SWAP
2025-11-16 11:07:17+0000,okx,ADA-USDT-SWAP,ADA/USDT,-1.51436670139e-05,,2025-11-17 00:00:00+0000,2025-11-16 16:00:00+0000,instId=ADA-USDT-SWAP
2025-11-16 11:07:17+0000,okx,AERO-USDT-SWAP,AERO/USDT,5e-05,,2025-11-16 16:00:00+0000,2025-11-16 12:00:00+0000,instId=AERO-USDT-SWAP
2025-11-16 11:07:17+0000,okx,ALLO-USDT-SWAP,ALLO/USDT,2.81313390601e-05,,2025-11-16 16:00:00+0000,2025-11-16 12:00:00+0000,instId=ALLO-USDT-SWAP
2025-11-16 11:07:17+0000,okx,API3-USDT-SWAP,API3/USDT,-0.0002720595440075,,2025-11-16 16:00:00+0000,2025-11-16 12:00:00+0000,instId=API3-USDT-SWAP
2025-11-16 11:07:17+0000,okx,APT-USDT-SWAP,APT/USDT,-0.0001346078439838,,2025-11-17 00:00:00+0000,2025-11-16 16:00:00+0000,instId=APT-USDT-SWAP
2025-11-16 11:07:17+0000,okx,ARB-USDT-SWAP,ARB/USDT,-2.88015722168e-05,,2025-11-17 00:00:00+0000,2025-11-16 16:00:00+0000,instId=ARB-USDT-SWAP
2025-11-16 11:07:17+0000,okx,ASTER-USDT-SWAP,ASTER/USDT,5e-05,,2025-11-16 16:00:00+0000,2025-11-16 12:00:00+0000,instId=ASTER-USDT-SWAP
2025-11-16 11:07:17+0000,okx,ATOM-USDT-SWAP,ATOM/USDT,-0.000118362247905,,2025-11-17 00:00:00+0000,2025-11-16 16:00:00+0000,instId=ATOM-USDT-SWAP
2025-11-16 11:07:17+0000,okx,AVAX-USDT-SWAP,AVAX/USDT,-1.32167210458e-05,,2025-11-17 00:00:00+0000,2025-11-16 16:00:00+0000,instId=AVAX-USDT-SWAP
2025-11-16 11:07:17+0000,okx,AVNT-USDT-SWAP,AVNT/USDT,-0.0028559660335629,,2025-11-16 16:00:00+0000,2025-11-16 12:00:00+0000,instId=AVNT-USDT-SWAP
2025-11-16 11:07:17+0000,okx,BAT-USDT-SWAP,BAT/USDT,-4.9574674028e-06,,2025-11-17 00:00:00+0000,2025-11-16 16:00:00+0000,instId=BAT-USDT-SWAP
2025-11-16 11:07:17+0000,okx,BCH-USDT-SWAP,BCH/USDT,-1.13256586704e-05,,2025-11-17 00:00:00+0000,2025-11-16 16:00:00+0000,instId=BCH-USDT-SWAP
2025-11-16 11:07:17+0000,okx,BEAT-USDT-SWAP,BEAT/USDT,5e-05,,2025-11-16 16:00:00+0000,2025-11-16 12:00:00+0000,instId=BEAT-USDT-SWAP
2025-11-16 11:07:17+0000,okx,BNB-USDT-SWAP,BNB/USDT,5.62172159984e-05,,2025-11-17 00:00:00+0000,2025-11-16 16:00:00+0000,instId=BNB-USDT-SWAP
2025-11-16 11:07:17+0000,okx,BTC-USD-SWAP,BTC/USD,7.57782883014e-05,,2025-11-17 00:00:00+0000,2025-11-16 16:00:00+0000,instId=BTC-USD-SWAP
2025-11-16 11:07:17+0000,okx,BTC-USDT-SWAP,BTC/USDT,7.7480677659e-06,,2025-11-17 00:00:00+0000,2025-11-16 16:00:00+0000,instId=BTC-USDT-SWAP
2025-11-16 11:07:17+0000,okx,COAI-USDT-SWAP,COAI/USDT,5e-05,,2025-11-16 16:00:00+0000,2025-11-16 12:00:00+0000,instId=COAI-USDT-SWAP
2025-11-16 11:07:17+0000,okx,CRV-USDT-SWAP,CRV/USDT,1.87640655687e-05,,2025-11-17 00:00:00+0000,2025-11-16 16:00:00+0000,instId=CRV-USDT-SWAP
2025-11-16 11:07:17+0000,okx,DASH-USDT-SWAP,DASH/USDT,-0.0082028542563687,,2025-11-16 16:00:00+0000,2025-11-16 12:00:00+0000,instId=DASH-USDT-SWAP
2025-11-16 11:07:17+0000,okx,DOGE-USD-SWAP,DOGE/USD,0.0001,,2025-11-17 00:00:00+0000,2025-11-16 16:00:00+0000,instId=DOGE-USD-SWAP
2025-11-16 11:07:17+0000,okx,DOGE-USDT-SWAP,DOGE/USDT,7.13367359226e-05,,2025-11-17 00:00:00+0000,2025-11-16 16:00:00+0000,instId=DOGE-USDT-SWAP
2025-11-16 11:07:17+0000,okx,DOT-USDT-SWAP,DOT/USDT,4.11753257724e-05,,2025-11-17 00:00:00+0000,2025-11-16 16:00:00+0000,instId=DOT-USDT-SWAP
2025-11-16 11:07:17+0000,okx,DYDX-USDT-SWAP,DYDX/USDT,0.0001,,2025-11-17 00:00:00+0000,2025-11-16 16:00:00+0000,instId=DYDX-USDT-SWAP
2025-11-16 11:07:18+0000,okx,EIGEN-USDT-SWAP,EIGEN/USDT,-3.75083631129e-05,,2025-11-16 16:00:00+0000,2025-11-16 12:00:00+0000,instId=EIGEN-USDT-SWAP
2025-11-16 11:07:18+0000,okx,ENA-USDT-SWAP,ENA/USDT,-1.53138904202e-05,,2025-11-16 16:00:00+0000,2025-11-16 12:00:00+0000,instId=ENA-USDT-SWAP
2025-11-16 11:07:18+0000,okx,ETC-USDT-SWAP,ETC/USDT,4.45683597737e-05,,2025-11-17 00:00:00+0000,2025-11-16 16:00:00+0000,instId=ETC-USDT-SWAP
2025-11-16 11:07:18+0000,okx,ETH-USD-SWAP,ETH/USD,9.75792708564e-05,,2025-11-17 00:00:00+0000,2025-11-16 16:00:00+0000,instId=ETH-USD-SWAP
2025-11-16 11:07:18+0000,okx,ETH-USDT-SWAP,ETH/USDT,-3.5316929602e-05,,2025-11-17 00:00:00+0000,2025-11-16 16:00:00+0000,instId=ETH-USDT-SWAP
2025-11-16 11:07:18+0000,okx,ETHFI-USDT-SWAP,ETHFI/USDT,-6.55624514218e-05,,2025-11-16 16:00:00+0000,2025-11-16 12:00:00+0000,instId=ETHFI-USDT-SWAP
2025-11-16 11:07:18+0000,okx,FARTCOIN-USDT-SWAP,FARTCOIN/USDT,5e-05,,2025-11-16 16:00:00+0000,2025-11-16 12:00:00+0000,instId=FARTCOIN-USDT-SWAP
2025-11-16 11:07:18+0000,okx,FIL-USDT-SWAP,FIL/USDT,-1.89356613851e-05,,2025-11-17 00:00:00+0000,2025-11-16 16:00:00+0000,instId=FIL-USDT-SWAP
2025-11-16 11:07:18+0000,okx,GIGGLE-USDT-SWAP,GIGGLE/USDT,5e-05,,2025-11-16 16:00:00+0000,2025-11-16 12:00:00+0000,instId=GIGGLE-USDT-SWAP
2025-11-16 11:07:18+0000,okx,HBAR-USDT-SWAP,HBAR/USDT,-0.0001678537820817,,2025-11-17 00:00:00+0000,2025-11-16 16:00:00+0000,instId=HBAR-USDT-SWAP
2025-11-16 11:07:18+0000,okx,HYPE-USDT-SWAP,HYPE/USDT,5e-05,,2025-11-16 16:00:00+0000,2025-11-16 12:00:00+0000,instId=HYPE-USDT-SWAP
2025-11-16 11:07:18+0000,okx,ICP-USDT-SWAP,ICP/USDT,-0.000156581477461,,2025-11-17 00:00:00+0000,2025-11-16 16:00:00+0000,instId=ICP-USDT-SWAP
2025-11-16 11:07:18+0000,okx,INJ-USDT-SWAP,INJ/USDT,0.0001,,2025-11-17 00:00:00+0000,2025-11-16 16:00:00+0000,instId=INJ-USDT-SWAP
2025-11-16 11:07:18+0000,okx,IP-USDT-SWAP,IP/USDT,-2.12774442707e-05,,2025-11-16 16:00:00+0000,2025-11-16 12:00:00+0000,instId=IP-USDT-SWAP
2025-11-16 11:07:18+0000,okx,JELLYJELLY-USDT-SWAP,JELLYJELLY/USDT,5e-05,,2025-11-16 16:00:00+0000,2025-11-16 12:00:00+0000,instId=JELLYJELLY-USDT-SWAP
2025-11-16 11:07:18+0000,okx,JTO-USDT-SWAP,JTO/USDT,5e-05,,2025-11-16 16:00:00+0000,2025-11-16 12:00:00+0000,instId=JTO-USDT-SWAP
2025-11-16 11:07:18+0000,okx,KITE-USDT-SWAP,KITE/USDT,-0.0001034336324828,,2025-11-16 16:00:00+0000,2025-11-16 12:00:00+0000,instId=KITE-USDT-SWAP
2025-11-16 11:07:18+0000,okx,LA-USDT-SWAP,LA/USDT,0.000566981882907,,2025-11-16 13:00:00+0000,2025-11-16 12:00:00+0000,instId=LA-USDT-SWAP
2025-11-16 11:07:18+0000,okx,LDO-USDT-SWAP,LDO/USDT,-1.1857932883e-06,,2025-11-17 00:00:00+0000,2025-11-16 16:00:00+0000,instId=LDO-USDT-SWAP
2025-11-16 11:07:18+0000,okx,LINK-USDT-SWAP,LINK/USDT,-1.55154258007e-05,,2025-11-17 00:00:00+0000,2025-11-16 16:00:00+0000,instId=LINK-USDT-SWAP
2025-11-16 11:07:18+0000,okx,LTC-USDT-SWAP,LTC/USDT,6.2807779255e-06,,2025-11-17 00:00:00+0000,2025-11-16 16:00:00+0000,instId=LTC-USDT-SWAP
2025-11-16 11:07:18+0000,okx,MET-USDT-SWAP,MET/USDT,5e-05,,2025-11-16 16:00:00+0000,2025-11-16 12:00:00+0000,instId=MET-USDT-SWAP
2025-11-16 11:07:18+0000,okx,MINA-USDT-SWAP,MINA/USDT,5e-05,,2025-11-16 16:00:00+0000,2025-11-16 12:00:00+0000,instId=MINA-USDT-SWAP
2025-11-16 11:07:18+0000,okx,MMT-USDT-SWAP,MMT/USDT,-0.0002257578440049,,2025-11-16 13:00:00+0000,2025-11-16 12:00:00+0000,instId=MMT-USDT-SWAP
2025-11-16 11:07:18+0000,okx,MUBARAK-USDT-SWAP,MUBARAK/USDT,5e-05,,2025-11-16 16:00:00+0000,2025-11-16 12:00:00+0000,instId=MUBARAK-USDT-SWAP
2025-11-16 11:07:18+0000,okx,NEAR-USDT-SWAP,NEAR/USDT,3.64926970764e-05,,2025-11-17 00:00:00+0000,2025-11-16 16:00:00+0000,instId=NEAR-USDT-SWAP
2025-11-16 11:07:18+0000,okx,ONDO-USDT-SWAP,ONDO/USDT,7.2818784266e-06,,2025-11-16 16:00:00+0000,2025-11-16 12:00:00+0000,instId=ONDO-USDT-SWAP
2025-11-16 11:07:18+0000,okx,OP-USDT-SWAP,OP/USDT,4.44430081742e-05,,2025-11-17 00:00:00+0000,2025-11-16 16:00:00+0000,instId=OP-USDT-SWAP
2025-11-16 11:07:18+0000,okx,PENGU-USDT-SWAP,PENGU/USDT,4.29144437487e-05,,2025-11-16 16:00:00+0000,2025-11-16 12:00:00+0000,instId=PENGU-USDT-SWAP
2025-11-16 11:07:18+0000,okx,PEPE-USDT-SWAP,PEPE/USDT,8.14184697e-07,,2025-11-17 00:00:00+0000,2025-11-16 16:00:00+0000,instId=PEPE-USDT-SWAP
2025-11-16 11:07:18+0000,okx,PIEVERSE-USDT-SWAP,PIEVERSE/USDT,-0.0007450134505901,,2025-11-16 16:00:00+0000,2025-11-16 12:00:00+0000,instId=PIEVERSE-USDT-SWAP
2025-11-16 11:07:18+0000,okx,PIGGY-USDT-SWAP,PIGGY/USDT,0.0003714178477423,,2025-11-16 16:00:00+0000,2025-11-16 12:00:00+0000,instId=PIGGY-USDT-SWAP
2025-11-16 11:07:18+0000,okx,PLUME-USDT-SWAP,PLUME/USDT,-0.0001648326696105,,2025-11-16 16:00:00+0000,2025-11-16 12:00:00+0000,instId=PLUME-USDT-SWAP
2025-11-16 11:07:18+0000,okx,RESOLV-USDT-SWAP,RESOLV/USDT,-0.0012144198348785,,2025-11-16 13:00:00+0000,2025-11-16 12:00:00+0000,instId=RESOLV-USDT-SWAP
2025-11-16 11:07:18+0000,okx,SAPIEN-USDT-SWAP,SAPIEN/USDT,5e-05,,2025-11-16 16:00:00+0000,2025-11-16 12:00:00+0000,instId=SAPIEN-USDT-SWAP
2025-11-16 11:07:18+0000,okx,SEI-USDT-SWAP,SEI/USDT,5e-05,,2025-11-16 16:00:00+0000,2025-11-16 12:00:00+0000,instId=SEI-USDT-SWAP
2025-11-16 11:07:18+0000,okx,SHIB-USDT-SWAP,SHIB/USDT,1.82212581732e-05,,2025-11-17 00:00:00+0000,2025-11-16 16:00:00+0000,instId=SHIB-USDT-SWAP
2025-11-16 11:07:18+0000,okx,SNX-USDT-SWAP,SNX/USDT,5.38743886036e-05,,2025-11-17 00:00:00+0000,2025-11-16 16:00:00+0000,instId=SNX-USDT-SWAP
2025-11-16 11:07:18+0000,okx,SOL-USDT-SWAP,SOL/USDT,7.4658375081e-05,,2025-11-17 00:00:00+0000,2025-11-16 16:00:00+0000,instId=SOL-USDT-SWAP
2025-11-16 11:07:18+0000,okx,SOON-USDT-SWAP,SOON/USDT,-0.0102895987838235,,2025-11-16 13:00:00+0000,2025-11-16 12:00:00+0000,instId=SOON-USDT-SWAP
2025-11-16 11:07:18+0000,okx,STRK-USDT-SWAP,STRK/USDT,-0.0006959975717643,,2025-11-16 16:00:00+0000,2025-11-16 12:00:00+0000,instId=STRK-USDT-SWAP
2025-11-16 11:07:18+0000,okx,SUI-USDT-SWAP,SUI/USDT,-7.03720730544e-05,,2025-11-17 00:00:00+0000,2025-11-16 16:00:00+0000,instId=SUI-USDT-SWAP
2025-11-16 11:07:18+0000,okx,TAO-USDT-SWAP,TAO/USDT,5e-05,,2025-11-16 16:00:00+0000,2025-11-16 12:00:00+0000,instId=TAO-USDT-SWAP
2025-11-16 11:07:18+0000,okx,TIA-USDT-SWAP,TIA/USDT,9.1514764187e-06,,2025-11-16 16:00:00+0000,2025-11-16 12:00:00+0000,instId=TIA-USDT-SWAP
2025-11-16 11:07:18+0000,okx,TON-USDT-SWAP,TON/USDT,-2.88156036955e-05,,2025-11-16 16:00:00+0000,2025-11-16 12:00:00+0000,instId=TON-USDT-SWAP
2025-11-16 11:07:18+0000,okx,TRB-USDT-SWAP,TRB/USDT,5e-05,,2025-11-16 16:00:00+0000,2025-11-16 12:00:00+0000,instId=TRB-USDT-SWAP
2025-11-16 11:07:18+0000,okx,TRUMP-USDT-SWAP,TRUMP/USDT,-4.27002736712e-05,,2025-11-16 16:00:00+0000,2025-11-16 12:00:00+0000,instId=TRUMP-USDT-SWAP
2025-11-16 11:07:18+0000,okx,TRX-USDT-SWAP,TRX/USDT,0.0001,,2025-11-17 00:00:00+0000,2025-11-16 16:00:00+0000,instId=TRX-USDT-SWAP
2025-11-16 11:07:18+0000,okx,UNI-USDT-SWAP,UNI/USDT,-2.84374271323e-05,,2025-11-17 00:00:00+0000,2025-11-16 16:00:00+0000,instId=UNI-USDT-SWAP
2025-11-16 11:07:18+0000,okx,USELESS-USDT-SWAP,USELESS/USDT,5e-05,,2025-11-16 16:00:00+0000,2025-11-16 12:00:00+0000,instId=USELESS-USDT-SWAP
2025-11-16 11:07:18+0000,okx,VIRTUAL-USDT-SWAP,VIRTUAL/USDT,-6.43302199697e-05,,2025-11-16 16:00:00+0000,2025-11-16 12:00:00+0000,instId=VIRTUAL-USDT-SWAP
2025-11-16 11:07:18+0000,okx,WCT-USDT-SWAP,WCT/USDT,-0.015,,2025-11-16 16:00:00+0000,2025-11-16 12:00:00+0000,instId=WCT-USDT-SWAP
2025-11-16 11:07:18+0000,okx,WIF-USDT-SWAP,WIF/USDT,2.31821385949e-05,,2025-11-16 16:00:00+0000,2025-11-16 12:00:00+0000,instId=WIF-USDT-SWAP
2025-11-16 11:07:18+0000,okx,WLD-USDT-SWAP,WLD/USDT,0.0001,,2025-11-17 00:00:00+0000,2025-11-16 16:00:00+0000,instId=WLD-USDT-SWAP
2025-11-16 11:07:18+0000,okx,WLFI-USDT-SWAP,WLFI/USDT,6.0828836174e-06,,2025-11-16 16:00:00+0000,2025-11-16 12:00:00+0000,instId=WLFI-USDT-SWAP
2025-11-16 11:07:18+0000,okx,XAUT-USDT-SWAP,XAUT/USDT,5e-05,,2025-11-16 16:00:00+0000,2025-11-16 12:00:00+0000,instId=XAUT-USDT-SWAP
2025-11-16 11:07:18+0000,okx,XLM-USDT-SWAP,XLM/USDT,-2.63986101585e-05,,2025-11-17 00:00:00+0000,2025-11-16 16:00:00+0000,instId=XLM-USDT-SWAP
2025-11-16 11:07:18+0000,okx,XPL-USDT-SWAP,XPL/USDT,-0.0001912970510076,,2025-11-16 16:00:00+0000,2025-11-16 12:00:00+0000,instId=XPL-USDT-SWAP
2025-11-16 11:07:19+0000,okx,XRP-USD-SWAP,XRP/USD,-2.98741432099e-05,,2025-11-17 00:00:00+0000,2025-11-16 16:00:00+0000,instId=XRP-USD-SWAP
2025-11-16 11:07:19+0000,okx,XRP-USDT-SWAP,XRP/USDT,-2.53855682137e-05,,2025-11-17 00:00:00+0000,2025-11-16 16:00:00+0000,instId=XRP-USDT-SWAP
2025-11-16 11:07:19+0000,okx,ZEC-USDT-SWAP,ZEC/USDT,-0.0004661424896322,,2025-11-16 16:00:00+0000,2025-11-16 12:00:00+0000,instId=ZEC-USDT-SWAP
2025-11-16 11:07:19+0000,okx,ZEN-USDT-SWAP,ZEN/USDT,-0.0001747385168606,,2025-11-16 16:00:00+0000,2025-11-16 12:00:00+0000,instId=ZEN-USDT-SWAP
2025-11-16 11:07:19+0000,okx,ZK-USDT-SWAP,ZK/USDT,-1.9521226023e-05,,2025-11-16 16:00:00+0000,2025-11-16 12:00:00+0000,instId=ZK-USDT-SWAP
2025-11-16 11:07:19+0000,okx,ZORA-USDT-SWAP,ZORA/USDT,-0.0010601054483652,,2025-11-16 16:00:00+0000,2025-11-16 12:00:00+0000,instId=ZORA-USDT-SWAP
